<?xml version="1.0" encoding="UTF-8" ?>

<!DOCTYPE blogic-io PUBLIC "-//NTTDATA//DTD TERASOLUNA for Spring blogic-io 1.0//JA"
                           "dtd/blogic-io.dtd">
<!-- ビジネスロジック入出力定義 -->
<blogic-io>
<!--
	<action path="/logon">
		<blogic-params>
			<set-property property="companyId" blogic-property="companyId" source="request" />
			<set-property property="userId" blogic-property="userId" source="form" />
			<set-property property="password" blogic-property="password" source="form" />
			<set-property property="companyCodeMst" blogic-property="comCodeMst" source="application" />
		</blogic-params>
		<blogic-result>
			<set-property property="longName" blogic-property="longName" dest="session" />
		</blogic-result>
	</action>
-->
</blogic-io>